{"cameraMode":{"drawMode":0,"name":"Shaded","section":"Shading Mode"},"sceneLighting":true,"audioPlay":false,"sceneViewState":{"m_AlwaysRefresh":false,"showFog":true,"showSkybox":true,"showFlares":true,"showImageEffects":true,"showParticleSystems":true,"showVisualEffectGraphs":true,"m_FxEnabled":true},"in2DMode":false,"pivot":{"x":-1.2210650444030762,"y":-0.14586085081100465,"z":4.323465824127197},"rotation":{"x":-0.17634689807891847,"y":0.019780779257416726,"z":-0.0035445948597043754,"w":-0.9841267466545105},"size":12.204693794250489,"orthographic":false}